[{"DATE":"04-04-2022","NARRATION":"From Akash Chakraborty","WITHDRAW":"","DEPOSIT":"555.00","VCH. TYPE":"Receipt","LEDGER":"Akash Chakraborty","UNDER":"Sundry Debtors","CHEQUE NO.":"4566"},{"DATE":"07-04-2022","NARRATION":"CHQ  RETURN CHRGS","WITHDRAW":"238.95","DEPOSIT":"","VCH. TYPE":"Payment","LEDGER":"Bank Charges","UNDER":"Indirect Expenses","CHEQUE NO.":"4567"},{"DATE":"13-04-2022","NARRATION":"BY  CASH","WITHDRAW":"","DEPOSIT":"10000.00","VCH. TYPE":"Contra","LEDGER":"Cash","UNDER":"Cash-in-Hand","CHEQUE NO.":"4568"}]