<ENVELOPE>
 <HEADER>
  <TALLYREQUEST>Import Data</TALLYREQUEST>
 </HEADER>
 <BODY>
  <IMPORTDATA>
   <REQUESTDESC>
    <REPORTNAME>Vouchers</REPORTNAME>
   </REQUESTDESC>
   <REQUESTDATA>
    <TALLYMESSAGE xmlns:UDF="TallyUDF">
     <VOUCHER REMOTEID="" VCHKEY="" VCHTYPE="Receipt" ACTION="Create" OBJVIEW="Accounting Voucher View">
      <OLDAUDITENTRYIDS.LIST TYPE="Number">
       <OLDAUDITENTRYIDS>-1</OLDAUDITENTRYIDS>
      </OLDAUDITENTRYIDS.LIST>
      <DATE>20220404</DATE>
      <GUID>96c2cb67-3949-43c4-85d0-d69eabae64cd-00003557</GUID>
      <NARRATION>From Akash Chakraborty CHEQUE NO: 4566</NARRATION>
      <VOUCHERTYPENAME>Receipt</VOUCHERTYPENAME>
      <VOUCHERNUMBER>1</VOUCHERNUMBER>
      <PARTYLEDGERNAME>Akash Chakraborty</PARTYLEDGERNAME>
      <CSTFORMISSUETYPE/>
      <CSTFORMRECVTYPE/>
      <FBTPAYMENTTYPE>Default</FBTPAYMENTTYPE>
      <PERSISTEDVIEW>Accounting Voucher View</PERSISTEDVIEW>
      <VCHGSTCLASS/>
      <DIFFACTUALQTY>No</DIFFACTUALQTY>
      <ISMSTFROMSYNC>No</ISMSTFROMSYNC>
      <ASORIGINAL>No</ASORIGINAL>
      <AUDITED>No</AUDITED>
      <FORJOBCOSTING>No</FORJOBCOSTING>
      <ISOPTIONAL>No</ISOPTIONAL>
      <EFFECTIVEDATE>20220404</EFFECTIVEDATE>
      <USEFOREXCISE>No</USEFOREXCISE>
      <ISFORJOBWORKIN>No</ISFORJOBWORKIN>
      <ALLOWCONSUMPTION>No</ALLOWCONSUMPTION>
      <USEFORINTEREST>No</USEFORINTEREST>
      <USEFORGAINLOSS>No</USEFORGAINLOSS>
      <USEFORGODOWNTRANSFER>No</USEFORGODOWNTRANSFER>
      <USEFORCOMPOUND>No</USEFORCOMPOUND>
      <USEFORSERVICETAX>No</USEFORSERVICETAX>
      <ISEXCISEVOUCHER>No</ISEXCISEVOUCHER>
      <EXCISETAXOVERRIDE>No</EXCISETAXOVERRIDE>
      <USEFORTAXUNITTRANSFER>No</USEFORTAXUNITTRANSFER>
      <EXCISEOPENING>No</EXCISEOPENING>
      <USEFORFINALPRODUCTION>No</USEFORFINALPRODUCTION>
      <ISTDSOVERRIDDEN>No</ISTDSOVERRIDDEN>
      <ISTCSOVERRIDDEN>No</ISTCSOVERRIDDEN>
      <ISTDSTCSCASHVCH>No</ISTDSTCSCASHVCH>
      <INCLUDEADVPYMTVCH>No</INCLUDEADVPYMTVCH>
      <ISSUBWORKSCONTRACT>No</ISSUBWORKSCONTRACT>
      <ISVATOVERRIDDEN>No</ISVATOVERRIDDEN>
      <IGNOREORIGVCHDATE>No</IGNOREORIGVCHDATE>
      <ISVATPAIDATCUSTOMS>No</ISVATPAIDATCUSTOMS>
      <ISDECLAREDTOCUSTOMS>No</ISDECLAREDTOCUSTOMS>
      <ISSERVICETAXOVERRIDDEN>No</ISSERVICETAXOVERRIDDEN>
      <ISISDVOUCHER>No</ISISDVOUCHER>
      <ISEXCISEOVERRIDDEN>No</ISEXCISEOVERRIDDEN>
      <ISEXCISESUPPLYVCH>No</ISEXCISESUPPLYVCH>
      <ISGSTOVERRIDDEN>No</ISGSTOVERRIDDEN>
      <GSTNOTEXPORTED>No</GSTNOTEXPORTED>
      <ISVATPRINCIPALACCOUNT>No</ISVATPRINCIPALACCOUNT>
      <ISBOENOTAPPLICABLE>No</ISBOENOTAPPLICABLE>
      <ISSHIPPINGWITHINSTATE>No</ISSHIPPINGWITHINSTATE>
      <ISOVERSEASTOURISTTRANS>No</ISOVERSEASTOURISTTRANS>
      <ISCANCELLED>No</ISCANCELLED>
      <HASCASHFLOW>Yes</HASCASHFLOW>
      <ISPOSTDATED>No</ISPOSTDATED>
      <USETRACKINGNUMBER>No</USETRACKINGNUMBER>
      <ISINVOICE>No</ISINVOICE>
      <MFGJOURNAL>No</MFGJOURNAL>
      <HASDISCOUNTS>No</HASDISCOUNTS>
      <ASPAYSLIP>No</ASPAYSLIP>
      <ISCOSTCENTRE>No</ISCOSTCENTRE>
      <ISSTXNONREALIZEDVCH>No</ISSTXNONREALIZEDVCH>
      <ISEXCISEMANUFACTURERON>No</ISEXCISEMANUFACTURERON>
      <ISBLANKCHEQUE>No</ISBLANKCHEQUE>
      <ISVOID>No</ISVOID>
      <ISONHOLD>No</ISONHOLD>
      <ORDERLINESTATUS>No</ORDERLINESTATUS>
      <VATISAGNSTCANCSALES>No</VATISAGNSTCANCSALES>
      <VATISPURCEXEMPTED>No</VATISPURCEXEMPTED>
      <ISVATRESTAXINVOICE>No</ISVATRESTAXINVOICE>
      <VATISASSESABLECALCVCH>No</VATISASSESABLECALCVCH>
      <ISVATDUTYPAID>Yes</ISVATDUTYPAID>
      <ISDELIVERYSAMEASCONSIGNEE>No</ISDELIVERYSAMEASCONSIGNEE>
      <ISDISPATCHSAMEASCONSIGNOR>No</ISDISPATCHSAMEASCONSIGNOR>
      <ISDELETED>No</ISDELETED>
      <CHANGEVCHMODE>No</CHANGEVCHMODE>
      <EXCLUDEDTAXATIONS.LIST>      </EXCLUDEDTAXATIONS.LIST>
      <OLDAUDITENTRIES.LIST>      </OLDAUDITENTRIES.LIST>
      <ACCOUNTAUDITENTRIES.LIST>      </ACCOUNTAUDITENTRIES.LIST>
      <AUDITENTRIES.LIST>      </AUDITENTRIES.LIST>
      <DUTYHEADDETAILS.LIST>      </DUTYHEADDETAILS.LIST>
      <SUPPLEMENTARYDUTYHEADDETAILS.LIST>      </SUPPLEMENTARYDUTYHEADDETAILS.LIST>
      <EWAYBILLDETAILS.LIST>      </EWAYBILLDETAILS.LIST>
      <INVOICEDELNOTES.LIST>      </INVOICEDELNOTES.LIST>
      <INVOICEORDERLIST.LIST>      </INVOICEORDERLIST.LIST>
      <INVOICEINDENTLIST.LIST>      </INVOICEINDENTLIST.LIST>
      <ATTENDANCEENTRIES.LIST>      </ATTENDANCEENTRIES.LIST>
      <ORIGINVOICEDETAILS.LIST>      </ORIGINVOICEDETAILS.LIST>
      <INVOICEEXPORTLIST.LIST>      </INVOICEEXPORTLIST.LIST>
      <ALLLEDGERENTRIES.LIST>
       <OLDAUDITENTRYIDS.LIST TYPE="Number">
        <OLDAUDITENTRYIDS>-1</OLDAUDITENTRYIDS>
       </OLDAUDITENTRYIDS.LIST>
       <LEDGERNAME>Akash Chakraborty</LEDGERNAME>
       <GSTCLASS/>
       <ISDEEMEDPOSITIVE>No</ISDEEMEDPOSITIVE>
       <LEDGERFROMITEM>No</LEDGERFROMITEM>
       <REMOVEZEROENTRIES>No</REMOVEZEROENTRIES>
       <ISPARTYLEDGER>Yes</ISPARTYLEDGER>
       <ISLASTDEEMEDPOSITIVE>No</ISLASTDEEMEDPOSITIVE>
       <ISCAPVATTAXALTERED>No</ISCAPVATTAXALTERED>
       <ISCAPVATNOTCLAIMED>No</ISCAPVATNOTCLAIMED>
       <AMOUNT>555.00</AMOUNT>
       <VATEXPAMOUNT>555.00</VATEXPAMOUNT>
       <SERVICETAXDETAILS.LIST>       </SERVICETAXDETAILS.LIST>
       <BANKALLOCATIONS.LIST>       </BANKALLOCATIONS.LIST>
       <BILLALLOCATIONS.LIST>       </BILLALLOCATIONS.LIST>
       <INTERESTCOLLECTION.LIST>       </INTERESTCOLLECTION.LIST>
       <OLDAUDITENTRIES.LIST>       </OLDAUDITENTRIES.LIST>
       <ACCOUNTAUDITENTRIES.LIST>       </ACCOUNTAUDITENTRIES.LIST>
       <AUDITENTRIES.LIST>       </AUDITENTRIES.LIST>
       <INPUTCRALLOCS.LIST>       </INPUTCRALLOCS.LIST>
       <DUTYHEADDETAILS.LIST>       </DUTYHEADDETAILS.LIST>
       <EXCISEDUTYHEADDETAILS.LIST>       </EXCISEDUTYHEADDETAILS.LIST>
       <RATEDETAILS.LIST>       </RATEDETAILS.LIST>
       <SUMMARYALLOCS.LIST>       </SUMMARYALLOCS.LIST>
       <STPYMTDETAILS.LIST>       </STPYMTDETAILS.LIST>
       <EXCISEPAYMENTALLOCATIONS.LIST>       </EXCISEPAYMENTALLOCATIONS.LIST>
       <TAXBILLALLOCATIONS.LIST>       </TAXBILLALLOCATIONS.LIST>
       <TAXOBJECTALLOCATIONS.LIST>       </TAXOBJECTALLOCATIONS.LIST>
       <TDSEXPENSEALLOCATIONS.LIST>       </TDSEXPENSEALLOCATIONS.LIST>
       <VATSTATUTORYDETAILS.LIST>       </VATSTATUTORYDETAILS.LIST>
       <COSTTRACKALLOCATIONS.LIST>       </COSTTRACKALLOCATIONS.LIST>
       <REFVOUCHERDETAILS.LIST>       </REFVOUCHERDETAILS.LIST>
       <INVOICEWISEDETAILS.LIST>       </INVOICEWISEDETAILS.LIST>
       <VATITCDETAILS.LIST>       </VATITCDETAILS.LIST>
       <ADVANCETAXDETAILS.LIST>       </ADVANCETAXDETAILS.LIST>
      </ALLLEDGERENTRIES.LIST>
      <ALLLEDGERENTRIES.LIST>
       <OLDAUDITENTRYIDS.LIST TYPE="Number">
        <OLDAUDITENTRYIDS>-1</OLDAUDITENTRYIDS>
       </OLDAUDITENTRYIDS.LIST>
       <LEDGERNAME>UCO Bank (C.C Ac. No.:-07330500017250)</LEDGERNAME>
       <GSTCLASS/>
       <ISDEEMEDPOSITIVE>Yes</ISDEEMEDPOSITIVE>
       <LEDGERFROMITEM>No</LEDGERFROMITEM>
       <REMOVEZEROENTRIES>No</REMOVEZEROENTRIES>
       <ISPARTYLEDGER>Yes</ISPARTYLEDGER>
       <ISLASTDEEMEDPOSITIVE>Yes</ISLASTDEEMEDPOSITIVE>
       <ISCAPVATTAXALTERED>No</ISCAPVATTAXALTERED>
       <ISCAPVATNOTCLAIMED>No</ISCAPVATNOTCLAIMED>
       <AMOUNT>-555.00</AMOUNT>
       <VATEXPAMOUNT>-555.00</VATEXPAMOUNT>
       <SERVICETAXDETAILS.LIST>       </SERVICETAXDETAILS.LIST>
       <BANKALLOCATIONS.LIST>
        <DATE>20220404</DATE>
        <INSTRUMENTDATE>20220404</INSTRUMENTDATE>
        <NAME>b4e16686-b3b5-4c73-ae94-4fbb5837184c</NAME>
        <TRANSACTIONTYPE>Cheque/DD</TRANSACTIONTYPE>
        <PAYMENTFAVOURING>Akash Chakraborty</PAYMENTFAVOURING>
        <UNIQUEREFERENCENUMBER>5cQLd8X33RyLoh2n</UNIQUEREFERENCENUMBER>
        <STATUS>No</STATUS>
        <PAYMENTMODE>Transacted</PAYMENTMODE>
        <BANKPARTYNAME>Akash Chakraborty</BANKPARTYNAME>
        <ISCONNECTEDPAYMENT>No</ISCONNECTEDPAYMENT>
        <ISSPLIT>No</ISSPLIT>
        <ISCONTRACTUSED>No</ISCONTRACTUSED>
        <ISACCEPTEDWITHWARNING>No</ISACCEPTEDWITHWARNING>
        <ISTRANSFORCED>No</ISTRANSFORCED>
        <CHEQUEPRINTED> 1</CHEQUEPRINTED>
        <AMOUNT>-555.00</AMOUNT>
        <CONTRACTDETAILS.LIST>        </CONTRACTDETAILS.LIST>
        <BANKSTATUSINFO.LIST>        </BANKSTATUSINFO.LIST>
       </BANKALLOCATIONS.LIST>
       <BILLALLOCATIONS.LIST>       </BILLALLOCATIONS.LIST>
       <INTERESTCOLLECTION.LIST>       </INTERESTCOLLECTION.LIST>
       <OLDAUDITENTRIES.LIST>       </OLDAUDITENTRIES.LIST>
       <ACCOUNTAUDITENTRIES.LIST>       </ACCOUNTAUDITENTRIES.LIST>
       <AUDITENTRIES.LIST>       </AUDITENTRIES.LIST>
       <INPUTCRALLOCS.LIST>       </INPUTCRALLOCS.LIST>
       <DUTYHEADDETAILS.LIST>       </DUTYHEADDETAILS.LIST>
       <EXCISEDUTYHEADDETAILS.LIST>       </EXCISEDUTYHEADDETAILS.LIST>
       <RATEDETAILS.LIST>       </RATEDETAILS.LIST>
       <SUMMARYALLOCS.LIST>       </SUMMARYALLOCS.LIST>
       <STPYMTDETAILS.LIST>       </STPYMTDETAILS.LIST>
       <EXCISEPAYMENTALLOCATIONS.LIST>       </EXCISEPAYMENTALLOCATIONS.LIST>
       <TAXBILLALLOCATIONS.LIST>       </TAXBILLALLOCATIONS.LIST>
       <TAXOBJECTALLOCATIONS.LIST>       </TAXOBJECTALLOCATIONS.LIST>
       <TDSEXPENSEALLOCATIONS.LIST>       </TDSEXPENSEALLOCATIONS.LIST>
       <VATSTATUTORYDETAILS.LIST>       </VATSTATUTORYDETAILS.LIST>
       <COSTTRACKALLOCATIONS.LIST>       </COSTTRACKALLOCATIONS.LIST>
       <REFVOUCHERDETAILS.LIST>       </REFVOUCHERDETAILS.LIST>
       <INVOICEWISEDETAILS.LIST>       </INVOICEWISEDETAILS.LIST>
       <VATITCDETAILS.LIST>       </VATITCDETAILS.LIST>
       <ADVANCETAXDETAILS.LIST>       </ADVANCETAXDETAILS.LIST>
      </ALLLEDGERENTRIES.LIST>
      <PAYROLLMODEOFPAYMENT.LIST>      </PAYROLLMODEOFPAYMENT.LIST>
      <ATTDRECORDS.LIST>      </ATTDRECORDS.LIST>
      <GSTEWAYCONSIGNORADDRESS.LIST>      </GSTEWAYCONSIGNORADDRESS.LIST>
      <GSTEWAYCONSIGNEEADDRESS.LIST>      </GSTEWAYCONSIGNEEADDRESS.LIST>
      <TEMPGSTRATEDETAILS.LIST>      </TEMPGSTRATEDETAILS.LIST>
     </VOUCHER>
    </TALLYMESSAGE>
   </REQUESTDATA>
  </IMPORTDATA>
 </BODY>
</ENVELOPE><ENVELOPE>
 <HEADER>
  <TALLYREQUEST>Import Data</TALLYREQUEST>
 </HEADER>
 <BODY>
  <IMPORTDATA>
   <REQUESTDESC>
    <REPORTNAME>Vouchers</REPORTNAME>
   </REQUESTDESC>
   <REQUESTDATA>
    <TALLYMESSAGE xmlns:UDF="TallyUDF">
     <VOUCHER REMOTEID="" VCHKEY="" VCHTYPE="Payment" ACTION="Create" OBJVIEW="Accounting Voucher View">
      <OLDAUDITENTRYIDS.LIST TYPE="Number">
       <OLDAUDITENTRYIDS>-1</OLDAUDITENTRYIDS>
      </OLDAUDITENTRYIDS.LIST>
      <DATE>20220407</DATE>
      <GUID>96c2cb67-3949-43c4-85d0-d69eabae64cd-00003289</GUID>
      <NARRATION>CHQ  RETURN CHRGS CHEQUE NO: 4567</NARRATION>
      <VOUCHERTYPENAME>Payment</VOUCHERTYPENAME>
      <VOUCHERNUMBER>179</VOUCHERNUMBER>
      <PARTYLEDGERNAME>Bank Charges</PARTYLEDGERNAME>
      <CSTFORMISSUETYPE/>
      <CSTFORMRECVTYPE/>
      <PERSISTEDVIEW>Accounting Voucher View</PERSISTEDVIEW>
      <VCHGSTCLASS/>
      <DIFFACTUALQTY>No</DIFFACTUALQTY>
      <ISMSTFROMSYNC>No</ISMSTFROMSYNC>
      <ASORIGINAL>No</ASORIGINAL>
      <AUDITED>No</AUDITED>
      <FORJOBCOSTING>No</FORJOBCOSTING>
      <ISOPTIONAL>No</ISOPTIONAL>
      <EFFECTIVEDATE>20220407</EFFECTIVEDATE>
      <USEFOREXCISE>No</USEFOREXCISE>
      <ISFORJOBWORKIN>No</ISFORJOBWORKIN>
      <ALLOWCONSUMPTION>No</ALLOWCONSUMPTION>
      <USEFORINTEREST>No</USEFORINTEREST>
      <USEFORGAINLOSS>No</USEFORGAINLOSS>
      <USEFORGODOWNTRANSFER>No</USEFORGODOWNTRANSFER>
      <USEFORCOMPOUND>No</USEFORCOMPOUND>
      <USEFORSERVICETAX>No</USEFORSERVICETAX>
      <ISEXCISEVOUCHER>No</ISEXCISEVOUCHER>
      <EXCISETAXOVERRIDE>No</EXCISETAXOVERRIDE>
      <USEFORTAXUNITTRANSFER>No</USEFORTAXUNITTRANSFER>
      <EXCISEOPENING>No</EXCISEOPENING>
      <USEFORFINALPRODUCTION>No</USEFORFINALPRODUCTION>
      <ISTDSOVERRIDDEN>No</ISTDSOVERRIDDEN>
      <ISTCSOVERRIDDEN>No</ISTCSOVERRIDDEN>
      <ISTDSTCSCASHVCH>No</ISTDSTCSCASHVCH>
      <INCLUDEADVPYMTVCH>No</INCLUDEADVPYMTVCH>
      <ISSUBWORKSCONTRACT>No</ISSUBWORKSCONTRACT>
      <ISVATOVERRIDDEN>No</ISVATOVERRIDDEN>
      <IGNOREORIGVCHDATE>No</IGNOREORIGVCHDATE>
      <ISVATPAIDATCUSTOMS>No</ISVATPAIDATCUSTOMS>
      <ISDECLAREDTOCUSTOMS>No</ISDECLAREDTOCUSTOMS>
      <ISSERVICETAXOVERRIDDEN>No</ISSERVICETAXOVERRIDDEN>
      <ISISDVOUCHER>No</ISISDVOUCHER>
      <ISEXCISEOVERRIDDEN>No</ISEXCISEOVERRIDDEN>
      <ISEXCISESUPPLYVCH>No</ISEXCISESUPPLYVCH>
      <ISGSTOVERRIDDEN>No</ISGSTOVERRIDDEN>
      <GSTNOTEXPORTED>No</GSTNOTEXPORTED>
      <ISVATPRINCIPALACCOUNT>No</ISVATPRINCIPALACCOUNT>
      <ISBOENOTAPPLICABLE>No</ISBOENOTAPPLICABLE>
      <ISSHIPPINGWITHINSTATE>No</ISSHIPPINGWITHINSTATE>
      <ISOVERSEASTOURISTTRANS>No</ISOVERSEASTOURISTTRANS>
      <ISCANCELLED>No</ISCANCELLED>
      <HASCASHFLOW>Yes</HASCASHFLOW>
      <ISPOSTDATED>No</ISPOSTDATED>
      <USETRACKINGNUMBER>No</USETRACKINGNUMBER>
      <ISINVOICE>No</ISINVOICE>
      <MFGJOURNAL>No</MFGJOURNAL>
      <HASDISCOUNTS>No</HASDISCOUNTS>
      <ASPAYSLIP>No</ASPAYSLIP>
      <ISCOSTCENTRE>No</ISCOSTCENTRE>
      <ISSTXNONREALIZEDVCH>No</ISSTXNONREALIZEDVCH>
      <ISEXCISEMANUFACTURERON>No</ISEXCISEMANUFACTURERON>
      <ISBLANKCHEQUE>No</ISBLANKCHEQUE>
      <ISVOID>No</ISVOID>
      <ISONHOLD>No</ISONHOLD>
      <ORDERLINESTATUS>No</ORDERLINESTATUS>
      <VATISAGNSTCANCSALES>No</VATISAGNSTCANCSALES>
      <VATISPURCEXEMPTED>No</VATISPURCEXEMPTED>
      <ISVATRESTAXINVOICE>No</ISVATRESTAXINVOICE>
      <VATISASSESABLECALCVCH>No</VATISASSESABLECALCVCH>
      <ISVATDUTYPAID>Yes</ISVATDUTYPAID>
      <ISDELIVERYSAMEASCONSIGNEE>No</ISDELIVERYSAMEASCONSIGNEE>
      <ISDISPATCHSAMEASCONSIGNOR>No</ISDISPATCHSAMEASCONSIGNOR>
      <ISDELETED>No</ISDELETED>
      <CHANGEVCHMODE>No</CHANGEVCHMODE>
      <EXCLUDEDTAXATIONS.LIST>      </EXCLUDEDTAXATIONS.LIST>
      <OLDAUDITENTRIES.LIST>      </OLDAUDITENTRIES.LIST>
      <ACCOUNTAUDITENTRIES.LIST>      </ACCOUNTAUDITENTRIES.LIST>
      <AUDITENTRIES.LIST>      </AUDITENTRIES.LIST>
      <DUTYHEADDETAILS.LIST>      </DUTYHEADDETAILS.LIST>
      <SUPPLEMENTARYDUTYHEADDETAILS.LIST>      </SUPPLEMENTARYDUTYHEADDETAILS.LIST>
      <EWAYBILLDETAILS.LIST>      </EWAYBILLDETAILS.LIST>
      <INVOICEDELNOTES.LIST>      </INVOICEDELNOTES.LIST>
      <INVOICEORDERLIST.LIST>      </INVOICEORDERLIST.LIST>
      <INVOICEINDENTLIST.LIST>      </INVOICEINDENTLIST.LIST>
      <ATTENDANCEENTRIES.LIST>      </ATTENDANCEENTRIES.LIST>
      <ORIGINVOICEDETAILS.LIST>      </ORIGINVOICEDETAILS.LIST>
      <INVOICEEXPORTLIST.LIST>      </INVOICEEXPORTLIST.LIST>
      <ALLLEDGERENTRIES.LIST>
       <OLDAUDITENTRYIDS.LIST TYPE="Number">
        <OLDAUDITENTRYIDS>-1</OLDAUDITENTRYIDS>
       </OLDAUDITENTRYIDS.LIST>
       <LEDGERNAME>Bank Charges</LEDGERNAME>
       <GSTCLASS/>
       <ISDEEMEDPOSITIVE>Yes</ISDEEMEDPOSITIVE>
       <LEDGERFROMITEM>No</LEDGERFROMITEM>
       <REMOVEZEROENTRIES>No</REMOVEZEROENTRIES>
       <ISPARTYLEDGER>Yes</ISPARTYLEDGER>
       <ISLASTDEEMEDPOSITIVE>Yes</ISLASTDEEMEDPOSITIVE>
       <ISCAPVATTAXALTERED>No</ISCAPVATTAXALTERED>
       <ISCAPVATNOTCLAIMED>No</ISCAPVATNOTCLAIMED>
       <AMOUNT>-238.95</AMOUNT>
       <VATEXPAMOUNT>-238.95</VATEXPAMOUNT>
       <SERVICETAXDETAILS.LIST>       </SERVICETAXDETAILS.LIST>
       <BANKALLOCATIONS.LIST>       </BANKALLOCATIONS.LIST>
       <BILLALLOCATIONS.LIST>       </BILLALLOCATIONS.LIST>
       <INTERESTCOLLECTION.LIST>       </INTERESTCOLLECTION.LIST>
       <OLDAUDITENTRIES.LIST>       </OLDAUDITENTRIES.LIST>
       <ACCOUNTAUDITENTRIES.LIST>       </ACCOUNTAUDITENTRIES.LIST>
       <AUDITENTRIES.LIST>       </AUDITENTRIES.LIST>
       <INPUTCRALLOCS.LIST>       </INPUTCRALLOCS.LIST>
       <DUTYHEADDETAILS.LIST>       </DUTYHEADDETAILS.LIST>
       <EXCISEDUTYHEADDETAILS.LIST>       </EXCISEDUTYHEADDETAILS.LIST>
       <RATEDETAILS.LIST>       </RATEDETAILS.LIST>
       <SUMMARYALLOCS.LIST>       </SUMMARYALLOCS.LIST>
       <STPYMTDETAILS.LIST>       </STPYMTDETAILS.LIST>
       <EXCISEPAYMENTALLOCATIONS.LIST>       </EXCISEPAYMENTALLOCATIONS.LIST>
       <TAXBILLALLOCATIONS.LIST>       </TAXBILLALLOCATIONS.LIST>
       <TAXOBJECTALLOCATIONS.LIST>       </TAXOBJECTALLOCATIONS.LIST>
       <TDSEXPENSEALLOCATIONS.LIST>       </TDSEXPENSEALLOCATIONS.LIST>
       <VATSTATUTORYDETAILS.LIST>       </VATSTATUTORYDETAILS.LIST>
       <COSTTRACKALLOCATIONS.LIST>       </COSTTRACKALLOCATIONS.LIST>
       <REFVOUCHERDETAILS.LIST>       </REFVOUCHERDETAILS.LIST>
       <INVOICEWISEDETAILS.LIST>       </INVOICEWISEDETAILS.LIST>
       <VATITCDETAILS.LIST>       </VATITCDETAILS.LIST>
       <ADVANCETAXDETAILS.LIST>       </ADVANCETAXDETAILS.LIST>
      </ALLLEDGERENTRIES.LIST>
      <ALLLEDGERENTRIES.LIST>
       <OLDAUDITENTRYIDS.LIST TYPE="Number">
        <OLDAUDITENTRYIDS>-1</OLDAUDITENTRYIDS>
       </OLDAUDITENTRYIDS.LIST>
       <LEDGERNAME>UCO Bank (C.C Ac. No.:-07330500017250)</LEDGERNAME>
       <GSTCLASS/>
       <ISDEEMEDPOSITIVE>No</ISDEEMEDPOSITIVE>
       <LEDGERFROMITEM>No</LEDGERFROMITEM>
       <REMOVEZEROENTRIES>No</REMOVEZEROENTRIES>
       <ISPARTYLEDGER>Yes</ISPARTYLEDGER>
       <ISLASTDEEMEDPOSITIVE>No</ISLASTDEEMEDPOSITIVE>
       <ISCAPVATTAXALTERED>No</ISCAPVATTAXALTERED>
       <ISCAPVATNOTCLAIMED>No</ISCAPVATNOTCLAIMED>
       <AMOUNT>238.95</AMOUNT>
       <VATEXPAMOUNT>238.95</VATEXPAMOUNT>
       <SERVICETAXDETAILS.LIST>       </SERVICETAXDETAILS.LIST>
       <BANKALLOCATIONS.LIST>
        <DATE>20220407</DATE>
        <INSTRUMENTDATE>20220407</INSTRUMENTDATE>
        <NAME>778f685b-e9e3-4e43-9296-3b8184a8e307</NAME>
        <TRANSACTIONTYPE>Cheque</TRANSACTIONTYPE>
        <PAYMENTFAVOURING>Bank Charges</PAYMENTFAVOURING>
        <CHEQUECROSSCOMMENT>A/c Payee</CHEQUECROSSCOMMENT>
        <INSTRUMENTNUMBER>590462</INSTRUMENTNUMBER>
        <UNIQUEREFERENCENUMBER>5cvPDY479sMZ9Lrm</UNIQUEREFERENCENUMBER>
        <STATUS>No</STATUS>
        <PAYMENTMODE>Transacted</PAYMENTMODE>
        <BANKPARTYNAME>Bank Charges</BANKPARTYNAME>
        <ISCONNECTEDPAYMENT>No</ISCONNECTEDPAYMENT>
        <ISSPLIT>No</ISSPLIT>
        <ISCONTRACTUSED>No</ISCONTRACTUSED>
        <ISACCEPTEDWITHWARNING>No</ISACCEPTEDWITHWARNING>
        <ISTRANSFORCED>No</ISTRANSFORCED>
        <AMOUNT>238.95</AMOUNT>
        <CONTRACTDETAILS.LIST>        </CONTRACTDETAILS.LIST>
        <BANKSTATUSINFO.LIST>        </BANKSTATUSINFO.LIST>
       </BANKALLOCATIONS.LIST>
       <BILLALLOCATIONS.LIST>       </BILLALLOCATIONS.LIST>
       <INTERESTCOLLECTION.LIST>       </INTERESTCOLLECTION.LIST>
       <OLDAUDITENTRIES.LIST>       </OLDAUDITENTRIES.LIST>
       <ACCOUNTAUDITENTRIES.LIST>       </ACCOUNTAUDITENTRIES.LIST>
       <AUDITENTRIES.LIST>       </AUDITENTRIES.LIST>
       <INPUTCRALLOCS.LIST>       </INPUTCRALLOCS.LIST>
       <DUTYHEADDETAILS.LIST>       </DUTYHEADDETAILS.LIST>
       <EXCISEDUTYHEADDETAILS.LIST>       </EXCISEDUTYHEADDETAILS.LIST>
       <RATEDETAILS.LIST>       </RATEDETAILS.LIST>
       <SUMMARYALLOCS.LIST>       </SUMMARYALLOCS.LIST>
       <STPYMTDETAILS.LIST>       </STPYMTDETAILS.LIST>
       <EXCISEPAYMENTALLOCATIONS.LIST>       </EXCISEPAYMENTALLOCATIONS.LIST>
       <TAXBILLALLOCATIONS.LIST>       </TAXBILLALLOCATIONS.LIST>
       <TAXOBJECTALLOCATIONS.LIST>       </TAXOBJECTALLOCATIONS.LIST>
       <TDSEXPENSEALLOCATIONS.LIST>       </TDSEXPENSEALLOCATIONS.LIST>
       <VATSTATUTORYDETAILS.LIST>       </VATSTATUTORYDETAILS.LIST>
       <COSTTRACKALLOCATIONS.LIST>       </COSTTRACKALLOCATIONS.LIST>
       <REFVOUCHERDETAILS.LIST>       </REFVOUCHERDETAILS.LIST>
       <INVOICEWISEDETAILS.LIST>       </INVOICEWISEDETAILS.LIST>
       <VATITCDETAILS.LIST>       </VATITCDETAILS.LIST>
       <ADVANCETAXDETAILS.LIST>       </ADVANCETAXDETAILS.LIST>
      </ALLLEDGERENTRIES.LIST>
      <PAYROLLMODEOFPAYMENT.LIST>      </PAYROLLMODEOFPAYMENT.LIST>
      <ATTDRECORDS.LIST>      </ATTDRECORDS.LIST>
      <GSTEWAYCONSIGNORADDRESS.LIST>      </GSTEWAYCONSIGNORADDRESS.LIST>
      <GSTEWAYCONSIGNEEADDRESS.LIST>      </GSTEWAYCONSIGNEEADDRESS.LIST>
      <TEMPGSTRATEDETAILS.LIST>      </TEMPGSTRATEDETAILS.LIST>
     </VOUCHER>
    </TALLYMESSAGE>
   </REQUESTDATA>
  </IMPORTDATA>
 </BODY>
</ENVELOPE><ENVELOPE>
 <HEADER>
  <TALLYREQUEST>Import Data</TALLYREQUEST>
 </HEADER>
 <BODY>
  <IMPORTDATA>
   <REQUESTDESC>
    <REPORTNAME>Vouchers</REPORTNAME>
   </REQUESTDESC>
   <REQUESTDATA>
    <TALLYMESSAGE xmlns:UDF="TallyUDF">
     <VOUCHER REMOTEID="" VCHKEY="" VCHTYPE="Contra" ACTION="Create" OBJVIEW="Accounting Voucher View">
      <OLDAUDITENTRYIDS.LIST TYPE="Number">
       <OLDAUDITENTRYIDS>-1</OLDAUDITENTRYIDS>
      </OLDAUDITENTRYIDS.LIST>
      <DATE>20220413</DATE>
      <GUID>96c2cb67-3949-43c4-85d0-d69eabae64cd-000034ce</GUID>
      <NARRATION>BY  CASH CHEQUE NO: 4568</NARRATION>
      <VOUCHERTYPENAME>Contra</VOUCHERTYPENAME>
      <VOUCHERNUMBER>744</VOUCHERNUMBER>
      <PARTYLEDGERNAME>Cash</PARTYLEDGERNAME>
      <CSTFORMISSUETYPE/>
      <CSTFORMRECVTYPE/>
      <FBTPAYMENTTYPE>Default</FBTPAYMENTTYPE>
      <PERSISTEDVIEW>Accounting Voucher View</PERSISTEDVIEW>
      <VCHGSTCLASS/>
      <VOUCHERTYPEORIGNAME>Contra</VOUCHERTYPEORIGNAME>
      <DIFFACTUALQTY>No</DIFFACTUALQTY>
      <ISMSTFROMSYNC>No</ISMSTFROMSYNC>
      <ASORIGINAL>No</ASORIGINAL>
      <AUDITED>No</AUDITED>
      <FORJOBCOSTING>No</FORJOBCOSTING>
      <ISOPTIONAL>No</ISOPTIONAL>
      <EFFECTIVEDATE>20220413</EFFECTIVEDATE>
      <USEFOREXCISE>No</USEFOREXCISE>
      <ISFORJOBWORKIN>No</ISFORJOBWORKIN>
      <ALLOWCONSUMPTION>No</ALLOWCONSUMPTION>
      <USEFORINTEREST>No</USEFORINTEREST>
      <USEFORGAINLOSS>No</USEFORGAINLOSS>
      <USEFORGODOWNTRANSFER>No</USEFORGODOWNTRANSFER>
      <USEFORCOMPOUND>No</USEFORCOMPOUND>
      <USEFORSERVICETAX>No</USEFORSERVICETAX>
      <ISEXCISEVOUCHER>No</ISEXCISEVOUCHER>
      <EXCISETAXOVERRIDE>No</EXCISETAXOVERRIDE>
      <USEFORTAXUNITTRANSFER>No</USEFORTAXUNITTRANSFER>
      <EXCISEOPENING>No</EXCISEOPENING>
      <USEFORFINALPRODUCTION>No</USEFORFINALPRODUCTION>
      <ISTDSOVERRIDDEN>No</ISTDSOVERRIDDEN>
      <ISTCSOVERRIDDEN>No</ISTCSOVERRIDDEN>
      <ISTDSTCSCASHVCH>No</ISTDSTCSCASHVCH>
      <INCLUDEADVPYMTVCH>No</INCLUDEADVPYMTVCH>
      <ISSUBWORKSCONTRACT>No</ISSUBWORKSCONTRACT>
      <ISVATOVERRIDDEN>No</ISVATOVERRIDDEN>
      <IGNOREORIGVCHDATE>No</IGNOREORIGVCHDATE>
      <ISVATPAIDATCUSTOMS>No</ISVATPAIDATCUSTOMS>
      <ISDECLAREDTOCUSTOMS>No</ISDECLAREDTOCUSTOMS>
      <ISSERVICETAXOVERRIDDEN>No</ISSERVICETAXOVERRIDDEN>
      <ISISDVOUCHER>No</ISISDVOUCHER>
      <ISEXCISEOVERRIDDEN>No</ISEXCISEOVERRIDDEN>
      <ISEXCISESUPPLYVCH>No</ISEXCISESUPPLYVCH>
      <ISGSTOVERRIDDEN>No</ISGSTOVERRIDDEN>
      <GSTNOTEXPORTED>No</GSTNOTEXPORTED>
      <ISVATPRINCIPALACCOUNT>No</ISVATPRINCIPALACCOUNT>
      <ISBOENOTAPPLICABLE>No</ISBOENOTAPPLICABLE>
      <ISSHIPPINGWITHINSTATE>No</ISSHIPPINGWITHINSTATE>
      <ISOVERSEASTOURISTTRANS>No</ISOVERSEASTOURISTTRANS>
      <ISCANCELLED>No</ISCANCELLED>
      <HASCASHFLOW>Yes</HASCASHFLOW>
      <ISPOSTDATED>No</ISPOSTDATED>
      <USETRACKINGNUMBER>No</USETRACKINGNUMBER>
      <ISINVOICE>No</ISINVOICE>
      <MFGJOURNAL>No</MFGJOURNAL>
      <HASDISCOUNTS>No</HASDISCOUNTS>
      <ASPAYSLIP>No</ASPAYSLIP>
      <ISCOSTCENTRE>No</ISCOSTCENTRE>
      <ISSTXNONREALIZEDVCH>No</ISSTXNONREALIZEDVCH>
      <ISEXCISEMANUFACTURERON>No</ISEXCISEMANUFACTURERON>
      <ISBLANKCHEQUE>No</ISBLANKCHEQUE>
      <ISVOID>No</ISVOID>
      <ISONHOLD>No</ISONHOLD>
      <ORDERLINESTATUS>No</ORDERLINESTATUS>
      <VATISAGNSTCANCSALES>No</VATISAGNSTCANCSALES>
      <VATISPURCEXEMPTED>No</VATISPURCEXEMPTED>
      <ISVATRESTAXINVOICE>No</ISVATRESTAXINVOICE>
      <VATISASSESABLECALCVCH>No</VATISASSESABLECALCVCH>
      <ISVATDUTYPAID>Yes</ISVATDUTYPAID>
      <ISDELIVERYSAMEASCONSIGNEE>No</ISDELIVERYSAMEASCONSIGNEE>
      <ISDISPATCHSAMEASCONSIGNOR>No</ISDISPATCHSAMEASCONSIGNOR>
      <ISDELETED>No</ISDELETED>
      <CHANGEVCHMODE>No</CHANGEVCHMODE>
      <EXCLUDEDTAXATIONS.LIST>      </EXCLUDEDTAXATIONS.LIST>
      <OLDAUDITENTRIES.LIST>      </OLDAUDITENTRIES.LIST>
      <ACCOUNTAUDITENTRIES.LIST>      </ACCOUNTAUDITENTRIES.LIST>
      <AUDITENTRIES.LIST>      </AUDITENTRIES.LIST>
      <DUTYHEADDETAILS.LIST>      </DUTYHEADDETAILS.LIST>
      <SUPPLEMENTARYDUTYHEADDETAILS.LIST>      </SUPPLEMENTARYDUTYHEADDETAILS.LIST>
      <EWAYBILLDETAILS.LIST>      </EWAYBILLDETAILS.LIST>
      <INVOICEDELNOTES.LIST>      </INVOICEDELNOTES.LIST>
      <INVOICEORDERLIST.LIST>      </INVOICEORDERLIST.LIST>
      <INVOICEINDENTLIST.LIST>      </INVOICEINDENTLIST.LIST>
      <ATTENDANCEENTRIES.LIST>      </ATTENDANCEENTRIES.LIST>
      <ORIGINVOICEDETAILS.LIST>      </ORIGINVOICEDETAILS.LIST>
      <INVOICEEXPORTLIST.LIST>      </INVOICEEXPORTLIST.LIST>
      <ALLLEDGERENTRIES.LIST>
       <OLDAUDITENTRYIDS.LIST TYPE="Number">
        <OLDAUDITENTRYIDS>-1</OLDAUDITENTRYIDS>
       </OLDAUDITENTRYIDS.LIST>
       <LEDGERNAME>Cash</LEDGERNAME>
       <GSTCLASS/>
       <ISDEEMEDPOSITIVE>No</ISDEEMEDPOSITIVE>
       <LEDGERFROMITEM>No</LEDGERFROMITEM>
       <REMOVEZEROENTRIES>No</REMOVEZEROENTRIES>
       <ISPARTYLEDGER>Yes</ISPARTYLEDGER>
       <ISLASTDEEMEDPOSITIVE>No</ISLASTDEEMEDPOSITIVE>
       <ISCAPVATTAXALTERED>No</ISCAPVATTAXALTERED>
       <ISCAPVATNOTCLAIMED>No</ISCAPVATNOTCLAIMED>
       <AMOUNT>10000.00</AMOUNT>
       <VATEXPAMOUNT>10000.00</VATEXPAMOUNT>
       <SERVICETAXDETAILS.LIST>       </SERVICETAXDETAILS.LIST>
       <BANKALLOCATIONS.LIST>       </BANKALLOCATIONS.LIST>
       <BILLALLOCATIONS.LIST>       </BILLALLOCATIONS.LIST>
       <INTERESTCOLLECTION.LIST>       </INTERESTCOLLECTION.LIST>
       <OLDAUDITENTRIES.LIST>       </OLDAUDITENTRIES.LIST>
       <ACCOUNTAUDITENTRIES.LIST>       </ACCOUNTAUDITENTRIES.LIST>
       <AUDITENTRIES.LIST>       </AUDITENTRIES.LIST>
       <INPUTCRALLOCS.LIST>       </INPUTCRALLOCS.LIST>
       <DUTYHEADDETAILS.LIST>       </DUTYHEADDETAILS.LIST>
       <EXCISEDUTYHEADDETAILS.LIST>       </EXCISEDUTYHEADDETAILS.LIST>
       <RATEDETAILS.LIST>       </RATEDETAILS.LIST>
       <SUMMARYALLOCS.LIST>       </SUMMARYALLOCS.LIST>
       <STPYMTDETAILS.LIST>       </STPYMTDETAILS.LIST>
       <EXCISEPAYMENTALLOCATIONS.LIST>       </EXCISEPAYMENTALLOCATIONS.LIST>
       <TAXBILLALLOCATIONS.LIST>       </TAXBILLALLOCATIONS.LIST>
       <TAXOBJECTALLOCATIONS.LIST>       </TAXOBJECTALLOCATIONS.LIST>
       <TDSEXPENSEALLOCATIONS.LIST>       </TDSEXPENSEALLOCATIONS.LIST>
       <VATSTATUTORYDETAILS.LIST>       </VATSTATUTORYDETAILS.LIST>
       <COSTTRACKALLOCATIONS.LIST>       </COSTTRACKALLOCATIONS.LIST>
       <REFVOUCHERDETAILS.LIST>       </REFVOUCHERDETAILS.LIST>
       <INVOICEWISEDETAILS.LIST>       </INVOICEWISEDETAILS.LIST>
       <VATITCDETAILS.LIST>       </VATITCDETAILS.LIST>
       <ADVANCETAXDETAILS.LIST>       </ADVANCETAXDETAILS.LIST>
      </ALLLEDGERENTRIES.LIST>
      <ALLLEDGERENTRIES.LIST>
       <OLDAUDITENTRYIDS.LIST TYPE="Number">
        <OLDAUDITENTRYIDS>-1</OLDAUDITENTRYIDS>
       </OLDAUDITENTRYIDS.LIST>
       <LEDGERNAME>UCO Bank (C.C Ac. No.:-07330500017250)</LEDGERNAME>
       <GSTCLASS/>
       <ISDEEMEDPOSITIVE>Yes</ISDEEMEDPOSITIVE>
       <LEDGERFROMITEM>No</LEDGERFROMITEM>
       <REMOVEZEROENTRIES>No</REMOVEZEROENTRIES>
       <ISPARTYLEDGER>Yes</ISPARTYLEDGER>
       <ISLASTDEEMEDPOSITIVE>Yes</ISLASTDEEMEDPOSITIVE>
       <ISCAPVATTAXALTERED>No</ISCAPVATTAXALTERED>
       <ISCAPVATNOTCLAIMED>No</ISCAPVATNOTCLAIMED>
       <AMOUNT>-10000.00</AMOUNT>
       <VATEXPAMOUNT>-10000.00</VATEXPAMOUNT>
       <SERVICETAXDETAILS.LIST>       </SERVICETAXDETAILS.LIST>
       <BANKALLOCATIONS.LIST>
        <DATE>20220413</DATE>
        <INSTRUMENTDATE>20220413</INSTRUMENTDATE>
        <NAME>a2578804-ccae-4351-bffd-78782850e522</NAME>
        <TRANSACTIONTYPE>Cash</TRANSACTIONTYPE>
        <TRANSACTIONNAME>Cash</TRANSACTIONNAME>
        <CHEQUECROSSCOMMENT>A/c Payee</CHEQUECROSSCOMMENT>
        <UNIQUEREFERENCENUMBER>5cQFK91L3RyLoh2n</UNIQUEREFERENCENUMBER>
        <STATUS>No</STATUS>
        <CASHDENOMINATION>0-0-0-0-0-0-0-0-0-0-0-0</CASHDENOMINATION>
        <PAYMENTMODE>Transacted</PAYMENTMODE>
        <ISCONNECTEDPAYMENT>No</ISCONNECTEDPAYMENT>
        <ISSPLIT>No</ISSPLIT>
        <ISCONTRACTUSED>No</ISCONTRACTUSED>
        <ISACCEPTEDWITHWARNING>No</ISACCEPTEDWITHWARNING>
        <ISTRANSFORCED>No</ISTRANSFORCED>
        <CHEQUEPRINTED> 1</CHEQUEPRINTED>
        <AMOUNT>-10000.00</AMOUNT>
        <CONTRACTDETAILS.LIST>        </CONTRACTDETAILS.LIST>
        <BANKSTATUSINFO.LIST>        </BANKSTATUSINFO.LIST>
       </BANKALLOCATIONS.LIST>
       <BILLALLOCATIONS.LIST>       </BILLALLOCATIONS.LIST>
       <INTERESTCOLLECTION.LIST>       </INTERESTCOLLECTION.LIST>
       <OLDAUDITENTRIES.LIST>       </OLDAUDITENTRIES.LIST>
       <ACCOUNTAUDITENTRIES.LIST>       </ACCOUNTAUDITENTRIES.LIST>
       <AUDITENTRIES.LIST>       </AUDITENTRIES.LIST>
       <INPUTCRALLOCS.LIST>       </INPUTCRALLOCS.LIST>
       <DUTYHEADDETAILS.LIST>       </DUTYHEADDETAILS.LIST>
       <EXCISEDUTYHEADDETAILS.LIST>       </EXCISEDUTYHEADDETAILS.LIST>
       <RATEDETAILS.LIST>       </RATEDETAILS.LIST>
       <SUMMARYALLOCS.LIST>       </SUMMARYALLOCS.LIST>
       <STPYMTDETAILS.LIST>       </STPYMTDETAILS.LIST>
       <EXCISEPAYMENTALLOCATIONS.LIST>       </EXCISEPAYMENTALLOCATIONS.LIST>
       <TAXBILLALLOCATIONS.LIST>       </TAXBILLALLOCATIONS.LIST>
       <TAXOBJECTALLOCATIONS.LIST>       </TAXOBJECTALLOCATIONS.LIST>
       <TDSEXPENSEALLOCATIONS.LIST>       </TDSEXPENSEALLOCATIONS.LIST>
       <VATSTATUTORYDETAILS.LIST>       </VATSTATUTORYDETAILS.LIST>
       <COSTTRACKALLOCATIONS.LIST>       </COSTTRACKALLOCATIONS.LIST>
       <REFVOUCHERDETAILS.LIST>       </REFVOUCHERDETAILS.LIST>
       <INVOICEWISEDETAILS.LIST>       </INVOICEWISEDETAILS.LIST>
       <VATITCDETAILS.LIST>       </VATITCDETAILS.LIST>
       <ADVANCETAXDETAILS.LIST>       </ADVANCETAXDETAILS.LIST>
      </ALLLEDGERENTRIES.LIST>
      <PAYROLLMODEOFPAYMENT.LIST>      </PAYROLLMODEOFPAYMENT.LIST>
      <ATTDRECORDS.LIST>      </ATTDRECORDS.LIST>
      <GSTEWAYCONSIGNORADDRESS.LIST>      </GSTEWAYCONSIGNORADDRESS.LIST>
      <GSTEWAYCONSIGNEEADDRESS.LIST>      </GSTEWAYCONSIGNEEADDRESS.LIST>
      <TEMPGSTRATEDETAILS.LIST>      </TEMPGSTRATEDETAILS.LIST>
     </VOUCHER>
    </TALLYMESSAGE>
   </REQUESTDATA>
  </IMPORTDATA>
 </BODY>
</ENVELOPE>